FormCode,name
00-073,VAS: REPACK MEK - 25L
00-075,VAS: REPACK ACETONE
00-077,VAS: REPACK TOLUENE
00-078,VAS: REPACK XYLENE
00-100,VAS: REPACK MINERAL TURPS
00-105,PU CLEANING SOLVENT
00-106,REPACK SOLA10
00-110,GP/QD THINNERS
00-111,SPECIAL FD THINNER
00-120,STD ETCH THINNERS
00-130,ARMOUR PU 2K THINNERS
00-135,CORROVOID THINNERS
00-140,ARMOURPOXY 2K THINNERS
00-149,FDE/QD WRINKLE REDUCER
00-150,REFILL (Z001) FDE THINNERS
00-165,RETARDER THINNERS
00-185,ROAD MARKING THINNER
00-186,ELECTRICAL INSULATING THINNER
00-7001,BITUMEN PRIMER-BRUSH & SPRAY @
00-800,ARMOURPHOS CLEANER
00-900,PAINT REMOVER STANDARD
00-RX18,CORONATE HDI MPAX75
10-301,BITUMINOUS ALUMINIUM SPRAY @
11-6013A,EPW40 CORRO 1 PRIMER;REDOX 50m 39v HI-SP @
12-101,UPW45 HB UCOAT 64m 43v TRADE MCS:WHITE HI-SPEED YY
12-201,PLASTER PRIMER WHITE AR55W BALLMILL 8 @
12-352,ZPP60 VHB PRIMER UAS 76m 55v SCS50XA:REDOX 130-BALLMILL9 ???
12-361,FPW15 MATT:REDOX 130 LS25 24m 14v BALLMILL 9 @
12-363,VISCO ADJ-FPW15 PRIMER SPRAY 22S F4C:REDOX 130 18m 10v
12-364,FPW15 VLB HOT DIP SATIN REDOX 130 LS25 13m 7v BALLMILL 9 @
12-373,REFILL (Z324) FPW15 MATT PRIMER 23m 13v:GREY NEW HD
12-3731,VISCO ADJ-FPW15 PRIMER DIP 18S F4C:GREY NEW HD YY
12-378,VISCO ADJ-FPW15 PRIMER SPRAY 22S F4C 18m 10v:GREY
12-3783,REFILL (Z331) FPW15 PRIMER 23m 14v:GREY
12-37834,CT-FPW15 PRIM SPRAY:GREY DK SEA G08 SANS-NCS7005-B20G @
12-37836,CT-FPW15 PRIM:GREY REGO @
12-37837,CT-FPW15 PRIM:GREY DOLPHIN @
12-380,CT-FPW15 PRIM:GREEN DK OLIVE (WORKAWAY SLUGE) @
12-384,CT-FPW15 PRIM SPRAY 22S F4C:BLUE NW @
12-501,REFILL (Z326) FPW15 LB PRIMER 23m 13v WHITE
12-50113,CT-FPW15 PRIM:GREY PALE G62 SANS-NCS S1502-G @Y
12-50116,CT-FPW15 PRIM:GREY LT CONT CONV @
12-50117,CT-FPW15 PRIM:CREAM MERC @
12-529E,ZPP ES E95/SAB RFU:GREEN LEAF R6002 LS55/50 BALLMILL 7 YY
12-540,REFILL (Z332) FPW15 LB PRIMER 23m 13v YELLOWOX 4920
12-54012,CT-FPW15 PRIM:YELLOW KAGO @
12-5410,MOD-ZPPW15:YELLOW OX HI-SP @
12-573,MOD-ZPPW15:GREY NEW HD HI-SP @
12-5735,CT-ZPPW15 MATT:GREY PALE G62 SANS-NCS S1502-G @
12-578,MOD-ZPPW15:GREY @
12-5782G,DG-ZPP15 MATT:GREY LT QDP3 PLA S25-3 POT HI-SP YY
12-5783,CT-ZPPW15 MATT SPRAY:GREY EXTRA DK SEA G08 SANS @
12-620,MOD-ZPPW15:REDOX 130 @
12-6201,MOD & VISCO ADJ-ZPPW15 SPRAY:REDOX 130 @
12-690,MOD-ZPPW20:BLACK SATIN HI-SP @
12-691,MOD-ZPPW20:BLACK MATT HI-SP @
13-401,REFILL (Z13-401) EPP15 ETCH PRIMER YELLOWOX 4920
13-500,GALV PRIMER L1055:YELLOW HI SPEED YY
13-601,REFILL (Z13-601) EPP15 ETCH PRIMER REDOX 130
14-101,REFILL (Z14-101) EPS15 ETCH PRIMER 27m 14v WHITE**
14-104,CT-EPS15 ETCH PRIMER:BEIGE HW @
14-105,CT-EPS15 ETCH PRIMER:IVORY TAT @
14-4012,CT-EPS15 ETCH PRIMER:LIGHTSTONE C37 SANS @
14-601,REFILL (Z14-601) EPS15 ETCH PRIMER:REDOX 130
14-6011,CT-EPS15 ETCH PRIMER:REDOX DK HW @
14-6111,CT-EPS15 ETCH PRIMER:BROWN HW @
14-7012,DG-EPS15 ETCH PRIMER:GREY COSIRA 27m 13v-HI SP @
14-7017,CT-EPS15 ETCH PRIMER:GREY BELLO HW @
14-901,REFILL (Z14-901) EPS15 ETCH PRIMER:BLACK
14-9012,CT-EPS15 ETCH PRIMER:CHARCOAL HW @
15-001,DIPPING VARNISH CLEAR LS25 SLOW-SPEED @
20-7011,PUGRIP HB7:1 PART A&B 73m 56v:YELLOWOX 4920-BALLMILL 1 @
23-709,EPOXY+MZAP 4:1 PRIMER A&B:CREAM HI-SPEED
30-101,REFILL (Z270) HGE:WHITE
30-10131,CT-HI GL:GREY LIGHT G29 SABS/SANS-NCS S4005-G20Y @
30-101648,CT-HI GL:GREY AGATE RAL7038 @
30-1017,CT-HI GL:GREY TRAFFIC A RAL7042 @
30-10175,CT-HI GL:GREY MINES G15 PLA @
30-10182,CT-HI GL:GREY DK DRAM @
30-10190,CT-HI GL:GREY BATTLESHIP G13 PLA @
30-10191,CT-HI GL:GREY MACHINERY PRO @
30-99115,CT-HI GL:YELLOW SIGNAL RAL1003 @
30-9932,CT-SGE:BROWN EARTH GLAZE 10YY 09/200 DUL @
30-9942B,CT-HI GL:YELLOW PASTEL C75 SABS @
30-9951,CT-HI GL:GREEN PEAK SEASON Y5-B1-3 PLA @
30-9952,CT-HI GL:GREEN ROCKING MOUNTAIN Y5-D1-1 PLA @
30-9970,CT-HI GL:ORANGE DEEP RAL2011 @
30-9971,CT-HI GL:ORANGE PURE RAL2004 @
30-99814,CT-HI GL:BLUE HPC APS @
30-99815,CT-SGE:BLUE PANTONE 3025 U @
31-10114,CT-SGE:LIGHT STONE C37 SANS-NCS S3020-Y20R @
31-10116,CT-HI GL:WHITE TRAFFIC RAL9016 @
31-10118,CT-HI GL:WHITE OYSTER RAL1013 @
31-10148,CT-SGE:GREY ANTHRACITE RAL7016 @
31-1018,CT-HI GL:IVORY MERC @
31-40110,CT-SGE:YELLOW NEW CAT @
31-40115,CT-SGE:YELLOW OCHRE RAL1024 @
31-40116,CT-SGE:YELLOW SPRING BREEZE1 60YY 62/755 DUL @
31-40117,CT-SGE:YELLOW GOLDEN FERN4 35YY 78/269 DUL @
31-40118,CT-SGE:YELLOW PANTONE 123C @
31-4013,CT-SGE:YELLOW GOLDEN B49 SANS-NCS S1070-Y20R @
31-5025,CT-SGE:GREEN EMERALD E14 SANS-NCS S4040-G @
31-5101,CT-SGE:GREEN WINDSOR G33 PLA @
31-5102,CT-SGE:GREEN BRILLIANT H10 SANS-NCS S4550-G20Y @
31-51040,CT-SGE:GREEN RESEDA RAL6011 @
31-51042,CT-SGE:GREEN TRAFFIC E07 SANS-NCS S7020-G10Y @
31-51043,CT-SGE:GREEN PAN 375C @
31-51045,CT-SGE:GREEN RAIN FOREST TRP207 PLA @
31-51048,CT-SGE:GREEN PAN 7488C @
31-51049,CT-SGE:GREEN PAN 3305C @
31-5106,CT-HI GL:EAU DE NIL H43 SANS-NCS S2030-G40Y @
31-601,DG-SGE L55 RED PO - JARMILL YY
31-602,CT-SGE:RED SIGNAL A11 SANS-NCS S1580-Y90R @
31-6036,CT-SGE:BROWN TRIDENT APS @
31-6037,CT-SGE:RED GIPSY BLOOM1 10YR 14/348 DUL @
31-6515,CT-SGE:ORANGE LT B26 SANS-NCS S2070-Y50R @
31-6521,CT-SGE:AUBURN FALLS4 68YR 28/701 DUL @
31-6522,CT-SGE:ORANGE MAIZE B32 SANS-NCS S1080-Y30R @
31-80212,CT-SGE:BLUE DARK NIXON @
31-80242,CT-SGE:BLUE COBALT RAL5013 @
31-80254,CT-SGE:BLUE MIDNIGHT G116 PLA @
31-80256,CT-SGE:BLUE TRAFFIC RAL5017 @
31-80262,CT-SGE:BLUE DEEP G25 PLA @
31-80264B,CT-SGE:BLUE AZURE F05 SABS @
31-8026B,CT-HI GL:BLUE ARTIC F28 SABS @
31-80277,CT-SGE:BLUE PANTONE 279C @
31-80278,CT-SGE:BLUE DARK CRAVO @
31-80279,CT-SGE:BLUE AIRCRAFT TRI BS381C @
31-80280,CT-SGE:BLUE TOSSA PD NIXON @
31-80281B,CT-SGE:BLUE CORNFLOWER F29 SABS @
31-80282,CT-SGE:BLUE PANTONE 660C @
31-902,REFILL (Z213) SGE:BLACK
31-99237,CT-SGE:GREY E.36Y B.Y10 C.36 W.24 D.4 @
31-9926,CT-SGE:GREY GRAPHITE RAL7024 @
31-9931B,CT-SGE:BROWN GOLDEN B13 SABS @
31-9932,CT-SGE:BROWN PWD G18 PLA @
31-99326,CT-SGE:BROWN DARK CRAVO @
31-99327,CT-SGE:BROWN DARK 640/7315-Y73R @
31-9948,CT-SGE:YELLOW PANTONE 130C @
31-99621,CT-SGE:RED BUMPER METALCO @
31-9985,CT-SGE:BLUE TELCOMS @
33-101,EGGSHELL ENAMEL L1055 WHITE-BALLMILL 8 @
33-10121,CT-ESHELL:GREEN MIST E77 SANS-NCS S1010-G20Y @
33-10122,CT-ESHELL:GREY SPARK @
35-102,FD RD MARK SCS40 WHITE SABS 731-1-3 POT HI-SPEED @
35-402,CT-FD ROAD MARK SCS40 YELLOW SABS 731-1 BALLMILL 6+HI SPEED
35-602,CT-FD ROAD MARK SCS40 RED TP88 PLA SABS 731-1 BALLMILL 3
35-902,FD ROAD MARK PAINT SCS40 BLACK-BALLMILL 1 YY
39-001,FDE:CLEAR LS25 HI-SPEED YY
39-002,FDE TINT BASE:CLEAR LS25 HI-SPEED
39-101,FDEW:WHITE LS25+35 BALLMILL 8 YY
39-1011,FDEW SPRAY:WHITE LS25 BALLMILL 8 YY
39-10122,CT-FDE:CREAM SANS C66-NCS S1020-Y20R  @
39-101224,CT-FDE:IVORY B&R @
39-10123,CT-FDE:WHITE PAYPRAS RAL9018 @
39-101233,CT-FDE:BEIGE BOLT SM @
39-101234,CT-FDE:IVORY RAL1015 @
39-10126,CT-FDE:LIGHT STONE C37 SANS-NCS S3020-Y20R @
39-10128,CT-FDE:WHITE TRAFFIC RAL9016 @
39-1015,CT-FDE:VELLUM C59 SABS YY
39-10158,CT-FDE:PINK LIGHT HP @
39-10180,CT-FDE:CREAM MID BUFF SANS B33-NCS S3040-Y20R  @
39-10185,CT-FDE:BEIGE NEW PROFILE  @
39-1019,CT-FDE:PROTEA A58 SANS-NCS S1020-Y80R @
39-201,FDE:SILVER BRILLIANT LS25 - 3 POT HI-SP YY
39-2011,FDE SPRAY:SILVER BRILLIANT LS25 SLOW-SPEED / 3POT @
39-20120,FDE SILVER BOSAL LS25 SLOW-SP YY
39-20123,CT-FDE MATT:SILVER GREY DARK
39-203,FDE SILVER NON LEAFING LS25 HI-SP YY
39-2990,CT-FDE:GREY DK ADM G12&DK SEA G11 SANS-NCS S6502-B @
39-29911,CT-FDE:GREY TRICOR @YY
39-299110,CT-FDE:GREY NOVA @
39-299112,CT-FDE:CHARCOAL ANP3055 @
39-299118,CT-FDE SPRAY:GREY LIGHT G29 SANS-NCS S4005-G20Y YY
39-29913,CT-FDE:GREY B-SHIP  G13 PLA ??
39-299130,CT-FDE:GREY MID G25 SANS-NCS S4010-R70B @
39-29914,CT-FDE:GREY MERC @ Y
39-299152,CT-FDE:GREY DK B&R @
39-29916,CT-FDE:GREY FRENCH H30 SANS @
39-299163,CT-FDE:GREY GRAPHITE RAL7024 @
39-299193,CT-FDE:GREY CONCRETE RAL7033 @
39-29921,CT-FDE:GREY DOVE G22 SANS-NCS S5005-G20Y @
39-299214,CT-FDE:GREY SENSATION @
39-299215,CT-FDE:GREY DK AMKO @
39-299217,CT-FDE:GREY SA BLOCK @
39-299218,CT-FDE:GREY SILVER RAL7001 @
39-299219,CT-FDE:GREY LIGHT SA BLOCK @
39-299220,CT-FDE:GREY DARK SA BLOCK @
39-299221,CT-FDE:GREY DARK NUT SM @
39-299222,CT-FDE:GREY DUSTY PRO @
39-299223,CT-FD MATT:GREY CHARCOAL LL258P @
39-299224,CT-FDE:GREY CAMBRIDGE DUL40YY 16/087 @
39-29924,CT-FDE:GREY B&R @
39-2994,CT-FDE:GREY MINES G15 PLA @
39-29949,CT-FDE:GREY LIGHT G29 SANS-NCS S4005-G20Y @Y
39-2995,CT-FDE:GREY HS @
39-29960,CT-FDE:GREY APPLIED HEAT @
39-2997,CT-FDE:GREY LIGHT ADM E46 SANS-NCS S2010-B70G @Y
39-29970,CT-FDE:GREY MACHINERY @
39-29982,CT-FDE:GREY ANTHRACITE RAL7016 @
39-29986,CT-FDE:GREY DK BOBCAT @Y
39-401,REFILL (Z314) FDE PRIMROSE P32 LEMON
39-402,REFILL (Z309) FDE YELLOW MID M11G
39-501,REFILL (Z305) FDE GREEN 227
39-507,DG+CT-FDE DIP:GREEN MOSS RAL6005 IS227+LS25+50-BALLMILL 7 @
39-5071,CT-FDE:GREEN LT BRUNS H07 SANS-NCS S5540-G30Y @
39-508,REFILL (Z310) FDE GREEN 7
39-530113,CT-FDE:GREEN MOSS RAL6005 @Y
39-530119,CT-FDE:GREEN STEEL @
39-530128,CT-FDE:GREEN YELLOW RAL6018 @
39-53013,CT-FDE:GREEN BRI H10 SANS-NCS S4550-G20Y - YY
39-530143,CT-FDE:GREEN SIGNAL RAL6032 @
39-530150,CT-FDE:GREEN D537 @
39-530156,CT-FDE:GREEN OLIVE RAL6003 @
39-530157,CT-FDE:GREEN UNI-SUNKEY @
39-530158,CT-FDE:GREEN SA BLOCK @
39-530159,CT-FDE:GREEN CASTROL EAST RAND @
39-53016,CT-FDE:GREEN WATER @
39-530160,CT-FDE:GREEN DARK OLIVE @
39-530161,CT-FDE:GREEN YELLOW PRO @
39-530162,CT-FDE:GREEN IG237 @
39-530163,CT-FDE:GREEN LIMPOPO @
39-53018,CT-FDE:EAU DE NIL H43 SANS-NCS S2030-G40Y @
39-53019,CT-FDE:GREEN JD PRO @Y
39-530192,CT-FDE:GREEN JD SA BLOCK @
39-53022,CT-FDE:GREEN PC @
39-53027,CT-FDE:GREEN DARK MARINDEC @
39-53055,CT-FDE:GREEN TRAFFIC E07 SANS-NCS S6030-G10Y @
39-53060,CT-FDE:GREEN SULLAIR LT @
39-5309,CT-FDE:GREEN WINDSOR G33 PLA @
39-540,REFILL (Z313) FDE YELLOWOX 4920
39-601,FDE RED PO IS538 LS25+35 JARMILL 1 @
39-6011,FDE SPRAY 22S F4C RED PO IS538 LS25+35 JARMILL 1 @
39-6014,CT-FDE:RED GRIMME @
39-6016,CT-FDE:RED COCA COLA @
39-602,REFILL (Z304) FDE MAROON 6BM
39-603,CT-FDE:SIGNAL RED A11 SANS-NCS S1580-Y90R @
39-604,VISCO ADJ-FDE SPRAY 22S F4C:RED SIGNAL A11 SANS YY
39-61512,CT-FDE:MAROON A01 SANS-NCS S8010-R10B @Y
39-61526,CT-FDE:RED CRIMSON HP @
39-6153,CT-FDE:RED IH @
39-61531,CT-FDE:RED BAFANA SR+SM@
39-6154,CT-FDE:RED MF @
39-620,REFILL (Z308) FDE REDOX 130
39-6201,VISCO ADJ-FDE SPRAY 22S F4C REDOX 130 YY
39-6203,CT-FDE:TERRA COTTA PRO @
39-6512,CT-FDE:ORANGE LT B26 SANS-NCS S2070-Y50R @
39-65127,CT-FDE:ORANGE PURE RAL2004 @Y
39-65128,CT-FDE:ORANGE MOD PROWELD @
39-6514,CT-FDE:ORANGE INT A15 SANS-NCS S2075-Y70R
39-65150,CT-FDE:ORANGE NITCHI @
39-65153,CT-FDE:ORANGE DOBSAN @
39-6518,CT-FDE:ORANGE FIAT KW@Y
39-6518P,CT-FDE:ORANGE FIAT PRO @Y
39-6522,CT-FDE SPRAY 22S F4C:ORANGE LT B26 SANS-NCS S2070-Y50R @
39-6523,CT-FDE:ORANGE BOBCAT @
39-655,REFILL (Z318) FDE SCARLET SM
39-7013,CT-FDE:PURPLE INFUSION 3 @
39-802,REFILL (Z307) FDE BLUE 15:3
39-8031,CT-FDE:BLUE ULTRAMARINE RAL5002 @Y
39-898102,CT-FDE:BLUE DEEP HP @
39-89811,CT-FDE:BLUE AMERICAN @
39-898125,CT-FDE:BLUE SKY RAL5015 @
39-898132,CT-FDE:BLUE SKY 5015 PRO @
39-89814,CT-FDE:BLUE FORD  @Y
39-8981430,CT-FDE DIP:BLUE FRENCH D166 TRI BS381C  @
39-898163,CT-FDE:BLUE GENTIAN RAL5010 @
39-898171,CT-FDE:BLUE DARK ROBOR @
39-898182,CT-FDE:BLUE NEWARE @
39-898198,CT-FDE:BLUE LIGHT COPPER @
39-898199,CT-FDE:BLUE LIGHT RAL5012 @
39-89820,CT-FDE:BLUE AZURE F05 SANS-NCS S5040-R90B YY
39-898201,CT-FDE:BLUE CAPRI RAL5019 @
39-898202,CT-FDE:BLUE IHS @
39-898203,CT-FDE:BLUE FENCING @
39-898204,CT-FDE:BLUE DK PERSIAN ERE @
39-898206,CT-FDE:BLUE DEEP PLA G25 @
39-89822,CT-FDE:BLUE PEACOCK F08 SANS-NCS S5040-B20G @
39-89823,CT-FDE:BLUE COSMOS PRO @
39-89827,CT-FDE:BLUE KSB TAT @
39-89833,CT-FDE:BLUE WYCOTT 50BB 08/129 DUL @
39-89843,CT-FDE:BLUE CORNFLOWER F29 SANS-NCS S2050-R90B @
39-89845,CT-FDE:BLUE COBALT RAL5013 @
39-89850,CT-FDE:BLUE AIR LIQUIDE @Y
39-89851,CT-FDE:BLUE AQUA B26-5 @
39-89853,CT-FDE:BLUE KINGFISHER DUL 232-1086 @
39-89857,CT-FDE:BLUE DORMAS @
39-89859,CT-FDE:BLUE ROYAL F01 SANS-NCS S8505-R80B @
39-89861,CT-FDE:BLUE TRAFFIC RAL5017 @
39-89889,CT-FDE:BLUE DONALDSON @
39-8989,CT-FDE:BLUE MIDNIGHT PLA G16 Y
39-89895,CT-FDE:BLUE SIGNAL RAL5005 @
39-89897,CT-FDE:BLUE MARINDEC @
39-89898,CT-FDE:BLUE METALLICA @
39-901,REFILL (Z302) FDE BLACK
39-9015,CT-FDE:BLACK GREY RAL7021 @
39-9041,FDE+MZAP SHEEN DIP BLACK S25 BALLMILL 5 @
39-905,FDWE SATIN:BLACK28m 18v S25 BALLMILL 5 @
39-906,FDWE BLACK MATT 31m 19v S25 BALLMILL 5 @
39-9061,VISCO ADJ-FDE MATT SPRAY 22S F4C:BLACK MATT
39-9062,CT-FD MATT:BLACK STEEL @
39-9063,CT-FD MATT:CHARCOAL DARK CRAVO @
39-910,VISCO ADJ-FDWE SPRAY 22S F4C:BLACK
39-911,VISCO ADJ-FDWE DIP 19S F4C:BLACK
39-98911,CT-FDE:YELLOW CAT NEW @
39-98913,CT-FDE:YELLOW JOHN DEERE PRO @
39-98921,CT-FDE:YELLOW LIFTKET @
39-98928,CT-FDE:YELLOW TRAFFIC RAL1023 @
39-98934,CT-FDE:YELLOW TAT @ Y
39-98938,CT-FDE:YELLOW CAT HP YY
39-98946,CT-FDE:YELLOW SIGNAL RAL1003 @
39-98952,CT-FDE:YELLOW ENERPAC A15-7 PLA @Y
39-98957,CT-FDE:YELLOW DAFFODIL RAL1007 @
39-98958,CT-FDE:YELLOW PANTONE 123C @
39-98960,CT-FDE:YELLOW CAT B&R @
39-9897,CT-FDE SPRAY:LEMON C54 SANS-NCS S1080-Y10R @Y
39-9899,CT-FDE:YELLOW GLD B49 SANS-NCS S1070-Y20R YY
39-98990,CT-FDE SPRAY:YELLOW GLD B49 SANS-NCS S1070-Y20R @Y
39-9941,CT-FDE:GREY OSIDIAN GLASS @
39-9991,CT-FDE:BROWN PWD G18 PLA @
39-99910,CT-FDE:MATT BROWN PWD G18 PLA @
39-9992,CT-FDE:BROWN GOLDEN B13 SANS-NCS S4550-Y30R @
39-99931,CT-FDE:BRONZE LIGHT @
39-99932,CT-FDE:BRONZE DARK @
39-99936,CT-FDE:BROWN DONZA @
39-99947,CT-FDE:BROWN WEDGE FM @
39-99974,CT-FDE:BROWN PALE RAL8025 @
39-99976,CT-FDE:BROWN DARK FM @
39-99977,CT-FDE:BROWN TREK SCALE @
40-202,QD DIP SK120 BRIGHT ALUMINIUM-SLOW SPEED 3 POT YY
40-900,QD SPRAY SK120 BRIGHT ALUMINIUM-SLOW SPEED 3 POT YY
41-601,FD BRIGHT PART LS25 RED SLOWSPEED
41-701,FD HTONE SILVER/GREY (ADD SILICONE) S50 SLOW SPEED YY
41-9922,CT-FD HTONE GREY DARK (ADD SILICONE) SLOW SPEED YY
41-9935,CT-FD HTONE:BROWN KW (ADD SILICONE) @
41-995,CT-FD HTONE GREEN STD (ADD SILICONE) SLOW SPEED YY
41-9952,CT-FD HTONE GREEN NEW DORMAS (ADD SILICONE) SLOW SPEED YY
41-998,CT-FD HTONE BLUE STD (ADD SILICONE) SLOW SPEED YY
43-001,TPE:CLEAR YY
43-101,REFILL (Z430) TPE WHITE
43-1010,MOD-TPE+MZAP:WHITE @
43-10101,CT-TPE+MZAP MATT: GREY RENTAL @
43-10104,CT-TPE+MZAP: GREY RENTAL @
43-10105,CT-TPE: WHITE ALUMINIUM RAL9006 @
43-10116,CT-TPE:GREY PEBBLE RAL7032 @
43-1016,CT-TPE:GREY DK ADM G12&DK SEA G11 SANS-NCS S6502-B @Y
43-202,TPE MCS55 SABS 682:SILVER YY
43-401,REFILL (Z434) TPE PRIMROSE P32
43-405,REFILL (Z436) TPE YELLOW MID M11G
43-4063,CT-TPE:YELLOW PANTONE 123C @
43-408,REFILL (Z437) TPE YELLOWOX 4920
43-501,CT-TPE:GREEN IG237 @
43-502,REFILL (Z442) TPE GREEN 7
43-50201,CT-TPE+MZAP: GREEN RENTAL @
43-50211,CT-TPE:GREEN RESEDA RAL6011 @
43-50225,CT-TPE:GREEN TRAFFIC RAL6024 @
43-603,CT-TPE:RED SIGNAL A11 SANS @
43-610,REFILL (Z438) TPE REDOX 130
43-615,REFILL (Z433) TPE RED 6BM
43-655,REFILL (Z440) TPE SCARLET SM
43-805,REFILL (Z446) TPE BLUE 15:3
43-80524,CT-TPE:BLUE NAT FLAG F04 SANS-NCS S3560-R80B @
43-80525,CT-TPE+MZAP MATT:BLUE GENTIAN RAL5010 @ @
43-80526,CT-TPE+MZAP MATT:BLUE CLA DURBAN @
43-8058,CT-TPE:BLUE SIGNAL RAL5005 @
43-8101,CT-TPE:BLUE UM RAL5002 @
43-8104,CT-TPE:BLUE PANTONE REFLEX C @
43-901,REFILL (Z448) TPE BLACK
43-9012,MOD-TPE+MZAP:BLACK @
43-9512,CT-FLOOR SATIN:WHITE @
43-9525,CT-FLOOR:GREY MACHINERY @
43-9527,CT-FLOOR:GREY B/SHIP LIGHT EXCEL @
43-9556,CT-FLOOR:GREEN S5360-G10Y NCS GL @
43-9557,CT-FLOOR:GREEN WINDSOR G33 PLA @
43-9558,CT-FLOOR:GREEN WIDNEY IHS @
43-9566,CT-FLOOR SATIN:RED PANTONE 485C @
43-9590,CT-FLOOR SATIN:BLACK @
45-101,REFILL (Z9306) FD HB AGRIP PLUS:WHITE @
45-1011,VISCO ADJ-FD HB AGRIP SPRAY:WHITE (Z9306) @
45-1015,CT-FD HB AGRIP:WHITE PAPYRUS RAL9018 @
45-10150,CT-FD HB AGRIP:WHITE PURE RAL9010 @
45-10151,CT-FD HB AGRIP:CREAM RAL9001 @
45-10157,CT-FD HB AGRIP:WHITE OYSTER RAL1013 @
45-20121A,FD HB AGRIP PLUS:SILVER-AA17060X SLOW SPEED @
45-20121S,FD HB AGRIP:SILVER-L125+L050**HI-SPEED @
45-402,REFILL (Z9309) FD HB AGRIP PLUS:YELLOW MID M11G @
45-54111,CT-FD HB AGRIP:YELLOW GLD B49 SANS-NCS S1070-Y20R @
45-54114,CT-FD HB AGRIP:IVORY LT RAL1015 B/MILK 08C31 DUL@
45-601,FD HB AGRIP:RED PO-L125+L050 JARMILL @
45-603,CT-FD HB AGRIP PLUS:RED SIGNAL A11 SANS-NCS S1580-Y90R @
45-622,CT-FD HB AGRIP:BROWN PWD G18 PLA
45-623,CT-FD HB AGRIP PLUS:BRONZE LIGHT @
45-624,CT-FD HB AGRIP:BROWN GOLDEN B13 SANS NCS S4550-Y30R
45-6512,CT-FD HB AGRIP:ORANGE LT B26 SANS-NCS S2070-Y50R @
45-65125,CT-FD HB AGRIP:ORANGE PURE RAL2004 @
45-65126,CT-FD HB AGRIP:ORANGE MENTAL MELCO @
45-89820,CT-FD HB AGRIP:BLUE AZURE F05 SANS-NCS S5040-R90B @
45-89825,CT-FD HB AGRIP:BLUE CAPRI RAL5019 @
45-89829,CT-FD HB AGRIP:BLUE PEACOCK F08 SANS-NCS S4040-B20G @
45-901,REFILL (Z9320) FD HB AGRIP:BLACK
45-9012,ADJ GLOSS-FD HB AGRIP MATT ULTRA:BLACK HI-SP @
45-99010,CT-FD HB AGRIP:GREY DK ADM G12&DK SEA G13 SANS-NCS S6502-B @
45-99011,CT-FD HB AGRIP:GREY DARK ADM PRO @Y
45-99019,CT-FD HB AGRIP:GREY BATTLESHIP G13 PLA @Y
45-99021,CT-FD HB AGRIP PLUS:GREY SILVER RAL7001 @
45-99023,CT-FD HB AGRIP:CHARCOAL ANP3055 @
45-99024,CT-FD HB AGRIP:GREY STONE RAL7030 @
45-99512,CT-FD HB AGRIP:GREEN STEEL @
45-99521,CT-FD HB AGRIP MATT:GREEN PALLISIDE SM @
45-99522,CT-FD HB AGRIP:GREEN WINDSOR G33 PLA @
45-99523,CT-FD HB AGRIP:GREEN YELLOW RAL6018 @
49-201,HEAT-RESISTANT540 RFU:ALUMINIUM SLOW-SPEED @
49-901,HEAT-RESISTANT420 RFU:BLACK JARMILL @
49-911,HEAT RESISTANT RFU (MIX NL AL PASTE): CHARCOAL
50-401,FTO-EPOXY 3.8:1.2v A&B:YELLOW MID M11G (REFILL Z501) @
60-0992,PU 7:1 HB PART A;ACTIVATOR
60-101,REFILL (Z615) PU HB7:1 PART A&B:WHITE @
60-1014,CT-PU HB7:1 PART A&B:GREY SIEMENS* @
60-403,REFILL (Z604) PU HB7:1 PART A&B:YELLOW MID M11G @
60-4031,CT-PU HB7:1 PART A&B:YELLOW GOLDEN SANS B49-NCS S1070-Y20R @
60-602,CT-PU HB7:1 PART A&B:RED SIGNAL A11 SANS-NCS S1580-Y90R @
60-810,CT-PU HB7:1 PART A&B:BLUE UM* F09 SANS-NCS S3060-R80B @
60-901,REFILL (Z603) PU HB7:1 PART A&B:BLACK @
60-906,PU HB7:1 A&B MATT:BLACK JARMILL @
60-9921,CT-PU HB7:1 PART A&B:GREY FRENCH* H30 SANS-NCS S4010-G50Y @
60-9931,CT-PU HB7:1 PART A&B:BROWN MID B07 SANS-NCS S7020-Y40R @
60-9952,CT-PU HB7:1 PART A&B:GREEN LT BRU* H07 SANS-NCS S5540-G30Y @
60-9953,CT-PU HB7:1 PART A&B:GREEN APP* H29 SANS NCS S3040-G40Y @
60-9956,CT-PU HB7:1 PART A&B:GREEN RESEDA* RAL6011 @
60-9961,CT-PU HB7:1 PART A&B:PROTEA* A58 SANS-NCS S1020-Y80R @
60-9962,CT-PU HB7:1 PART A&B:VIOLET DK F06 SANS-NCS S5040-R50B @
60-9971,CT-PU HB7:1 PART A&B:ORANGE LT* B26 SANS-NCS S2070-Y50R @
60-9982,CT-PU HB7:1 PART A&B:BLUE CORN F29 SANS-NCS S2050-R90B @
60-9983,CT-PU HB7:1 PART A&B:BLUE PEA F08 SANS-NCS S5040-B20G @
60-9986,CT-PU HB7:1 PART A&B:BLUE AQUA @
60-9988,CT-PU HB7:1 PART A&B:BLUE SKY RAL5015 @
71-101.,MARATHON ACRYLIC WHITE HI SPEED YY
72-101.,ARMOUR MASTER:WHITE BALLMILL 8@
73-101.,DECOCRYL WHITE  XX HI-SPEED YY
73-1703,CT-DECOCRYL:TERRA COTTA PRO  @
76-091,ACRYLIC ROOF CLEAR HI-SP @
76-101,ACRYLIC ROOF PAINT WHITE @
76-10112,CT-ROOFCRYL:IVORY SNOW VEL12 PLA @
76-3015,CT-ROOFCRYL:BROWN LT CASA BLANCA APS PAINTFRIEND
76-3016,CT-ROOFCRYL:BROWN DK EARTH GLAZE1 110YY 09/200 DUL@
76-5046,CT-ROOFCRYL:GREEN DEEP BRU H03 SANS
76-601,ACRYLIC ROOF PAINT REDOX 130 -HI SPEED YY
76-615,CT-ROOFCRYL:RED TERRACOTTA PAN @
76-6151,CT-ROOFCRYL:RED TERRACOTTA PRO 5430-Y75R @
76-7074,CT-ROOFCRYL:GREY CRP6 PLA
76-7075,CT-ROOFCRYL:GREY WINDOW RAL7040
76-7076,CT-ROOFCRYL:GREY DK ADM G12 SANS
76-901,ACRYLIC ROOF PAINT BLACK HI-SPEED @
82-101,ARMOURCRYL MATT WHITE (PURE ACRYLIC) HI-SP @
82-10102,CT-ARMOURCRYL MATT:CREAM CALICO EPL437 PLA @
82-10103,CT-ARMOURCRYL MATT:AMADEUS Y2-B1-4 PLA @
82-10104,CT-ARMOURCRYL MATT:YELLOW GOLDEN SYRUP Y2-B1-2 PLA @
82-10111,CT-ARMOURCRYL MATT:GREY AGATE RAL7038 @
82-10112,CT-ARMOURCRYL MAT:IVORY CASHMERE PLA @
82-10115,CT-ARMOURCRYL MATT:CREAM C66 SANS @
82-10174,CT-ARMOURCRYL MATT:KAROO DAWN BBO 303 PLA @Y
82-10194,CT-ARMOURCRYL MATT:KAROOLAND DUL WEATHER @
82-10199,CT-ARMOURCRYL MATT:STONE DARK DREAM @
82-102,CT-ARMOURCRYL MATT:SAND WAA9 PLA @
82-1020,CT-ARMOURCRYL MATT:TERRACOTTA WAA57 PLA @
82-1021,CT-ARMOURCRYL MATT:GREY QUARTZ FLINT1 30BG 31/022 DUL @
82-1022,CT-ARMOURCRYL MATT:IVORY SNOW VEL12 PLA @
82-1023,CT-ARMOURCRYL MATT:LEMON CHIFFON 6 50YY 83/143 DUL @
82-1029,CT-ARMOURCRYL MATT:GREY STEEL 2 DUL @
82-103,CT-ARMOURCRYL MATT:GREY TENDER PROVENCE DUL @
82-1030,CT-ARMOURCRYL MATT:GREY STEEL 1 DUL @
82-1031,CT-ARMOURCRYL MATT:GREY STEEL 3 DUL @
82-1032,CT-ARMOURCRYL MATT:CREAM KHAKI MIST 5  DUL @
82-1033,CT-ARMOURCRYL MATT:BROWN MOHAWK VALLEY DUL @
82-1034,CT-ARMOURCRYL MATT:CREAM CARAMEL BLUSH5 5 10YY 68/110 DUL @
82-1035,CT-ARMOURCRYL MATT:YELLOW SUNF SYMPHONY 3 20YY 40/608 DUL @
83-101.,ARMOURCRYL SHEEN WHITE (PURE ACRYLIC) HI-SP @
83-10147,CT-ARMOURCRYL SHEEN:PEACH REEF @
83-10149,CT-ARMOURCRYL SHEEN:KHAKI-NCS S4010-Y30R @
83-10156,CT-ARMOURCRYL SHEEN:PINK JULES @
83-10158,CT-ARMOURCRYL SHEEN:GREY NIAGARA BLUES 2 @
83-10159,CT-ARMOURCRYL SHEEN:WHITE LINEN C78 SANS NCS S0505-Y20R @
83-10160,CT-ARMOURCRYL SHEEN:GREEN ANTIQUE ASHFORD @
83-10161,CT-ARMOURCRYL SHEEN:RED PANTONE 185C @
83-10162,CT-ARMOURCRYL SHEEN:STONE FANTIQUE @
83-10163,CT-ARMOURCRYL SHEEN:STONE LIGHT PLA DC23-68@
83-10164,CT-ARMOURCRYL SHEEN:PASTEL PARTY DURAM 024.2@
83-10165,CT-ARMOURCRYL SHEEN:GREY TENDER SCAN DULUX@
83-10166,CT-ARMOURCRYL SHEEN:GREY TENDER JAPAN DULUX@
83-10167,CT-ARMOURCRYL SHEEN:GREY GENTLE JAPAN DULUX@
83-10168,CT-ARMOURCRYL SHEEN:GREY WET CLAY DULUX@
83-10169,CT-ARMOURCRYL SHEEN:GREY RICH PRALINE 3 DULUX@
83-10170,CT-ARMOURCRYL SHEEN:IVORY SNOW VEL12 PLA @
83-10172,CT-ARMOURCRYL SHEEN:CREAM DK SALIS STONES4 45YY 67/120 DUL @
83-10173,CT-ARMOURCRYL SHEEN:CREAM VELVET FM @
84-10130,CT-ARMOURCRYL LS CS:CREAM SNEAKLACE PLA @
84-10135,CT-ARMOURCRYL LS CS:ALUMINIUM SNOW PLA @
VF-224,VAS: TALC UFB - 25 KG
VF-600,VAS: KULU 2 - 25 KG
VF-601,VAS: KULU 5 - 25 KG
VF-602,VAS: KULU 10 - 25 KG
VP-120,VAS: TIO2 - 25 KG
VP-150,VAS: MZAP 50% - 25 KG
VP-200,VAS: ALPASTE BRI LEAFING - 25 KG
VP-460,VAS: YELLOWOX 4290 - 25 KG
VP-484,VAS: YELLOW CHROME MID M11G - 25 KG
VP-568,VAS: REDOX 130 - 25 KG
VP-685,VAS: RED SIGNAL IS537 - 25 KG
VP-690,VAS: RED PO IS538 - 25 KG
VP-758,VAS: SCARLET CHROME - 25 KG
VP-850,VAS: BLUE 15.3 PHTHALO - 25 KG
VP-928,VAS: REPACK BLACK N330 - 20KG
VR-062,VAS: PETRESIN L120 - 25 KG
VRX-018,VAS: REPACK CORONATE HDI MPAX75 - 25KG
Z001,INT:BLEND FD THINNERS
Z002,INT:BLEND X7B B/T/X
Z017,INT:PAINT REMOVER WAX SOLUTION
Z026,INT:PVB SOLN FOR STD ETCH PRIMER-HI-SPEED YY
Z13-401,INT:EPP15 CORRO 3 ETCH PRIMER:YELLOWOX 4920 JAR MILL @
Z13-601,INT:EPP15 CORRO 3 ETCH PRIMER 21m 10v:REDOX JAR MILL @
Z13-903,INT:EPP15 CORRO 3 ETCH PRIMER:BLACK SHEEN JAR MILL @
Z14-101,INT:EPS15 ETCH PRIMER 27m 14v:WHITE BALLMILL 1 YY
Z14-401,INT:EPS15 ETCH PRIMER 26m 13v:YELLOW OXIDE HI-SPEED-TINT
Z14-508,INT:EPS15 ETCH PRIMER:GREEN 7-JARMILL 1 @
Z14-601,INT:EPS15 ETCH PRIMER:REDOX-BALLMILL 9 @
Z14-901,INT:EPS15 ETCH PRIMER:BLACK 18m 12v-BALL MILL 5 @
Z197,INT:TPE MZAP BASE:WHITE-BALLMILL 1 @
Z198,INT:TPE MZAP BASE:CLEAR-BALLMILL 1 @
Z199,INT:FDE MZAP BASE LS25:CLEAR-BALLMILL 8
Z213,INT SGE BLACK L55 BALLMILL 5 YY
Z270,INT:HI/G ENAMEL L55 WHITE BALLMILL 8 @Y
Z302,INT:FDE BLACK (28m 22v) S25/35 BALLMILL 5 @
Z304,INT:FDE MAROON 6BM LS35 BALLMILL 1 YY
Z305,INT:FDE GREEN IS227 LS25/35 BALLMILL 2 YY
Z306,INT:FDE TINT WHITE S25 BALLMILL 8 YY
Z307,INT:FDE BLUE 15.3 LS35 BALLMILL 4 YY
Z308,INT:FDE REDOX 130 LS25/35 BALLMILL 3 YY
Z309,INT:FDE MID YELLOW M11-G LS25/35 BALLMILL 6 YY
Z310,INT:FDE GREEN 7 LS35 BALLMILL 2  YY
Z313,INT:FDE YELLOWOX 920 LS25/35 BALLMILL 6 YY
Z314,INT:FDE PRIMROSE P32 LS25/35 BALLMILL 6 YY
Z318,INT:FDE SCARLET SM LS25/35 BALLMILL 3 YY
Z321,INT:FDE RED IS537 LS25 BALLMILL 3 YY
Z322,INT:FDE BLUE UM LS35 BALLMILL 4 YY
Z324,INT:CT-FPW15 PRIMER:GREY NEW HD S25 BALLMILL 9 @
Z324HS,INT:CT-FPW15 PRIMER:GREY NEW HD 23m13v S25 3POT HI-SP @
Z326,INT:FPW15 MATT:WHITE 28m15v LS25-3 POT HI-SP  YY
Z331,INT:FPW15 MATT:GREY 23m14v S25 3 POT HI-SP YY
Z332,INT:FPW15 MATT:YELLOW OXIDE LS25 25m 15v XX HI-SP @
Z341,INT:FDE RED 3 LS35 JARMILL @
Z409,INT:FD HTONE SILVER S50 (NO SILICONE) SLOW SPEED YY
Z430,INT:TPE WHITE-BALLMILL 8 @
Z433,INT:TPE MAROON 6BM JARMILL @
Z434,INT:TPE PRIMROSE P32 JARMILL @
Z436,INT:TPE YELLOW MID BALLMILL 6 YY
Z437,INT:TPE YELLOW OXIDE JARMILL @
Z438,INT:TPE REDOX 130 BALLMILL 1 YY
Z440,INT:TPE SCARLET SM JARMILL @
Z441,INT:TPE GREEN IG227 BALLMILL 2 @
Z442,INT:TPE GREEN 7 JARMILL @
Z444,INT:TPE RED PO JARMILL @
Z445,INT:TPE RED IS537 JARMILL @
Z446,INT:TPE BLUE 15.3 BALL MILL 1 @
Z447,INT:TPE BLUE UM JARMILL @
Z448,INT:TPE BLACK BALLMILL 1 YY
Z601,INT:PU 7:1 MAROON 6BM BASE JARMILL YY
Z602,INT:PU 7:1 PRIMROSE P32 BASE JARMILL YY
Z603,INT PU 7:1 BLACK BASE BALLMILL 2 YY
Z604,INT:PU 7:1 YELLOW MID M11-G BASE BALLMILL 6 @
Z605,INT:PU 7:1 YELLOWOX 4920 HB BASE JARMILL @
Z606,INT:PU 7:1 GREEN 7 BASE JARMILL YY
Z607,INT PU 7:1 GREEN IG227 BASE JARMILL @
Z609,INT:PU 7:1 RED IS537 BASE JAR/BMILL @
Z610,INT:PU 7:1 REDOX 130 BASE JARMILL YY
Z612,INT:PU 7:1 BLUE 15.3 BASE BALLMILL 1 @
Z613,INT:PU 7:1 BLUE UM EP62 BASE JARMILL @
Z615,INT:PU 7:1 WHITE BASE BALLMILL 8 @
Z618,INT:PU 7:1 SCARLET SM BASE BALLMILL1 @
Z701,INT:PVA TINT BLACK JARMILL @
Z707,INT:PVA TINT YELLOW OXIDE JARMILL @
Z711,INT:PVA TINT BLUE 15.3 JARMILL @
Z716,INT:PVA TINT GREEN 7 JARMILL @
Z717,INT:PVA TINT MID YELLOW M11 JARMILL @
Z722,INT:PVA TINT RED IS537 JARMILL @
Z761,ARMOURCRYL EXTENDER FOR TINT BASE HI-SPEED @
Z9302,INT:FD HB AGRIP PLUS:BLACK-AA17060X BALLMILL 1
Z9302S,INT:FD HB AGRIP:BLACK-S25+50 BALLMILL 5 YY
Z9304,INT:FD HB AGRIP PLUS:MAROON 6BM-AA17060X JARMILL @
Z9305S,INT:FD HB AGRIP:GREEN IG227 S25+50 JAR & BALLMILL 2 @
Z9306,INT:FD HB AGRIP PLUS:WHITE-AA17060X BALLMILL 8 @
Z9306S,INT:FD HB AGRIP:WHITE-L125+L050 BALLMILL 8 YY
Z9307,INT:FD HB AGRIP PLUS:BLUE 15.3-AA17060X JARMILL @
Z9307S,INT:FD HB AGRIP:BLUE 15.3-S25+50 JAR & BALLMILL 1 @
Z9308S,INT:FD HB AGRIP:REDOX 130 S25+50 JAR & BALLMILL 1 @
Z9309,INT:FD HB AGRIP PLUS:YELLOW MID M11G-AA17060X JARMILL @
Z9309S,INT:FD HB AGRIP:YELLOW MID M11G S25+50 JAR & BALLMILL 1 @
Z9310,INT:FD HB AGRIP PLUS:GREEN 7-AA17060X JARMILL @
Z9310S,INT:FD HB AGRIP:GREEN 7-S25+50 JAR & BALLMILL 1 @
Z9313,INT:FD HB AGRIP PLUS:YELLOWOX 920-AA17060X JARMILL @
Z9313S,INT:FD HB AGRIP:YELLOW OXIDE-S25+50 JAR & BALL MILL 1 @
Z9318S,INT:FD HB AGRIP:SCARLET SM-S25+50 JARMILL 1 @
Z9321,INT:FD HB AGRIP PLUS:RED IS537-AA17060X BALLMILL 3 @
Z9321S,INT:FD HB AGRIP:RED IS537+2BM-L125+L050 BALLMILL 3
ZCC55102,INT AC :BLACK S3070X BALLMILL5 @
ZY001C,CT-UPW35 BRUSHING PRIMER 50m 29v LS55 SLUDGE+REDOX=HI-SPEED
ZY003,FPPW15 PRIMER RFU LS55 SLUDGE IVORY=HI-SPEED
